Built,n,prop
3.4.0,112,0.45528455284552843
3.4.1,34,0.13821138211382114
3.4.2,82,0.3333333333333333
3.4.3,18,0.07317073170731707
